id,employee_id,review_date,performance_score,review_period_start,review_period_end,strengths,areas_for_improvement,goals_set,reviewer_comments
1234,46,2023-06-15,4.5,2022-12-01,2023-05-31,"Excellent communication skills, consistently meets project deadlines, and demonstrates strong leadership in team collaboration.",Could benefit from more advanced technical training in emerging software development methodologies.,"Complete advanced cloud computing certification, lead a cross-departmental innovation project, and mentor two junior team members.","John has been an exceptional performer this year, showing remarkable adaptability and commitment to team success."
2345,17,2023-07-01,3.8,2022-12-01,2023-06-30,"Strong analytical skills, detailed-oriented approach, and excellent problem-solving capabilities in data analysis.",Develop more confident presentation and public speaking skills for client meetings.,"Attend professional communication workshop, improve data visualization techniques, and take on more client-facing roles.",Sarah shows great potential and is consistently improving her professional capabilities.
3456,41,2023-05-20,4.2,2022-11-01,2023-04-30,"Innovative thinking, quick learner, and demonstrates exceptional creativity in marketing campaign design.",Need to improve time management and prioritization of multiple project tasks.,"Complete project management certification, implement personal productivity tracking system, and lead a major marketing initiative.",Michael has consistently brought fresh perspectives to our marketing strategies.
4567,12,2023-06-30,4.7,2022-12-01,2023-06-15,"Exceptional technical expertise, quick problem solver, and highly reliable in critical IT infrastructure maintenance.",Enhance soft skills and team communication strategies.,"Participate in leadership communication training, document knowledge transfer processes, and mentor junior IT staff.",Emily is a technical powerhouse who is crucial to our IT operations' success.
5678,38,2023-05-15,3.5,2022-11-01,2023-04-30,"Customer-focused approach, empathetic listener, and consistently receives positive customer feedback.",Develop more advanced technical knowledge of product features.,"Complete product technical training, improve resolution time for complex customer issues, and create customer experience improvement plan.",David shows great potential in customer service but needs more technical depth.
6789,49,2023-07-10,4.9,2022-12-01,2023-06-30,"Exceptional financial analysis, strategic thinking, and ability to identify cost-saving opportunities.",Expand knowledge of emerging financial technologies and digital transformation.,"Attend fintech conference, lead digital transformation project, and develop comprehensive financial strategy report.",Rachel is an outstanding financial analyst who consistently delivers exceptional insights.
7890,4,2023-06-01,4.0,2022-11-15,2023-05-31,"Strong organizational skills, detail-oriented, and excellent in managing complex administrative tasks.",Develop more proactive communication and initiative in process improvements.,"Create process optimization proposal, improve interdepartmental communication, and lead an administrative efficiency project.",Lisa is a reliable team member with significant potential for growth.
8901,13,2023-05-25,3.7,2022-11-01,2023-04-30,"Creative problem solver, adaptable to changing project requirements, and strong team collaborator.",Enhance technical skills in latest design software and methodologies.,"Complete advanced design certification, lead design innovation workshop, and develop comprehensive design skills portfolio.",Mark shows creativity and potential but needs to continue skill development.
9012,35,2023-06-20,4.3,2022-12-01,2023-05-31,"Exceptional research skills, deep analytical capabilities, and ability to translate complex data into actionable insights.",Develop more confident presentation and communication of research findings.,"Attend scientific communication workshop, publish research paper, and lead cross-functional research initiative.",Anna is a brilliant researcher with tremendous potential for scientific contributions.
4321,4,2023-07-05,4.1,2022-12-01,2023-06-30,"Strong interpersonal skills, excellent team motivator, and consistent in delivering high-quality sales results.",Develop more advanced strategic sales planning and digital sales techniques.,"Complete digital sales transformation course, develop comprehensive sales strategy, and mentor junior sales team members.",Tom is a valuable team member who consistently drives sales performance.
